-----------------------------------------
-- Добавление значений в таблицу Peers --
-----------------------------------------
INSERT INTO Peers (Nickname, Birthday)
VALUES ('deltajed', '1994-01-24'),
       ('katharyn', '1997-06-30'),
       ('katherib', '1996-11-05'),
       ('omarvarl', '1993-04-03'),
       ('mikeleil', '1996-01-01'),
       ('gellerti', '1996-01-02'),
       ('uleecame', '1996-01-03'),
       ('fernando', '1996-01-04'),
       ('astraeus', '1996-01-05'),
       ('aphrodit', '1996-01-06');

-----------------------------------------
-- Добавление значений в таблицу Tasks --
-----------------------------------------
INSERT INTO Tasks (Title, ParentTask, MaxXP)
VALUES ('C2_SimpleBashUtils', NULL, 250),
       ('C3_s21_string+', 'C2_SimpleBashUtils', 500),
       ('C4_s21_math', 'C2_SimpleBashUtils', 300),
       ('C5_s21_decimal', 'C4_s21_math', 350),
       ('C6_s21_matrix', 'C5_s21_decimal', 200),
       ('C7_SmartCalc_v1.0', 'C6_s21_matrix', 500),
       ('C8_3DViewer_v1.0', 'C7_SmartCalc_v1.0', 750),
       ('DO1_Linux', 'C3_s21_string+', 300),
       ('DO2_Linux Network', 'DO1_Linux', 250),
       ('DO3_LinuxMonitoring v1.0', 'DO2_Linux Network', 350),
       ('DO4_LinuxMonitoring v2.0', 'DO3_LinuxMonitoring v1.0', 350),
       ('DO5_SimpleDocker', 'DO3_LinuxMonitoring v1.0', 300),
       ('DO6_CICD', 'DO5_SimpleDocker', 300),
       ('CPP1_s21_matrix+', 'C8_3DViewer_v1.0', 300),
       ('CPP2_s21_containers', 'CPP1_s21_matrix+', 350),
       ('CPP3_SmartCalc_v2.0', 'CPP2_s21_containers', 600),
       ('CPP4_3DViewer_v2.0', 'CPP3_SmartCalc_v2.0', 750),
       ('CPP5_3DViewer_v2.1', 'CPP4_3DViewer_v2.0', 600),
       ('CPP6_3DViewer_v2.2', 'CPP4_3DViewer_v2.0', 800),
       ('CPP7_MLP', 'CPP4_3DViewer_v2.0', 700),
       ('CPP8_PhotoLab_v1.0', 'CPP4_3DViewer_v2.0', 450),
       ('CPP9_MonitoringSystem', 'CPP4_3DViewer_v2.0', 1000),
       ('SQL1_Bootcamp', 'C8_3DViewer_v1.0', 1500),
       ('SQL2_Info21 v1.0', 'SQL1_Bootcamp', 500),
       ('SQL3_RetailAnalitycs v1.0', 'SQL2_Info21 v1.0', 600),
       ('A1_Maze', 'CPP4_3DViewer_v2.0', 300),
       ('A2_SimpleNavigator v1.0', 'A1_Maze', 400),
       ('A3_Parallels', 'A2_SimpleNavigator v1.0', 300),
       ('A4_Crypto', 'A2_SimpleNavigator v1.0', 350),
       ('A5_s21_memory', 'A2_SimpleNavigator v1.0', 400),
       ('A6_Transactions', 'A2_SimpleNavigator v1.0', 700),
       ('A7_DNA Analyzer', 'A2_SimpleNavigator v1.0', 800),
       ('A8_Algorithmic trading', 'A2_SimpleNavigator v1.0', 800);

------------------------------------------
-- Добавление значений в таблицу Checks --
------------------------------------------
INSERT INTO Checks (Peer, Task, Date)
VALUES ('deltajed', 'C2_SimpleBashUtils', '2022-12-07'),
       ('katharyn', 'C2_SimpleBashUtils', '2022-12-28'),
       ('mikeleil', 'C3_s21_string+', '2023-01-02'),
       ('gellerti', 'C3_s21_string+', '2023-01-03'),
       ('mikeleil', 'DO1_Linux', '2023-01-07'),
       ('deltajed', 'C3_s21_string+', '2023-01-12'),
       ('katharyn', 'DO1_Linux', '2023-01-12'),
       ('gellerti', 'DO1_Linux', '2023-01-12'),
       ('astraeus', 'DO2_Linux Network', '2023-02-04'),
       ('katharyn', 'DO2_Linux Network', '2023-02-12'),
       ('astraeus', 'C6_s21_matrix', '2023-02-15'),
       ('deltajed', 'C4_s21_math', '2023-02-18'),
       ('mikeleil', 'DO2_Linux Network', '2023-02-21'),
       ('gellerti', 'DO2_Linux Network', '2023-02-21'),
       ('katharyn', 'DO3_LinuxMonitoring v1.0', '2023-02-21'),
       ('mikeleil', 'DO3_LinuxMonitoring v1.0', '2023-02-25'),
       ('deltajed', 'C5_s21_decimal', '2023-03-02'),
       ('mikeleil', 'DO4_LinuxMonitoring v2.0', '2023-03-07'),
       ('katharyn', 'DO4_LinuxMonitoring v2.0', '2023-03-07'),
       ('gellerti', 'C4_s21_math', '2023-03-07'),
       ('astraeus', 'C7_SmartCalc_v1.0', '2023-04-01'),
       ('deltajed', 'C6_s21_matrix', '2023-04-03'),
       ('mikeleil', 'DO5_SimpleDocker', '2023-04-10'),
       ('mikeleil', 'DO6_CICD', '2023-04-15'),
       ('deltajed', 'C7_SmartCalc_v1.0', '2023-05-06'),
       ('deltajed', 'C8_3DViewer_v1.0', '2023-06-01');

---------------------------------------
-- Добавление значений в таблицу P2P --
---------------------------------------
INSERT INTO P2P ("Check", CheckingPeer, State, Time)
VALUES (1, 'mikeleil', 'Start', '07:00:00'),
       (1, 'mikeleil', 'Success', '07:11:00'),
       (2, 'deltajed', 'Start', '14:01:00'),
       (2, 'deltajed', 'Success', '14:28:00'),
       (3, 'deltajed', 'Start', '18:00:00'),
       (3, 'deltajed', 'Failure', '18:14:00'),
       (4, 'astraeus', 'Start', '12:17:00'),
       (4, 'astraeus', 'Success', '12:49:00'),
       (5, 'katharyn', 'Start', '13:02:00'),
       (5, 'katharyn', 'Success', '13:13:00'),
       (6, 'astraeus', 'Start', '09:00:00'),
       (6, 'astraeus', 'Success', '09:29:00'),
       (7, 'gellerti', 'Start', '15:45:00'),
       (7, 'gellerti', 'Success', '15:58:00'),
       (8, 'katharyn', 'Start', '17:08:00'),
       (8, 'katharyn', 'Success', '17:38:00'),
       (9, 'mikeleil', 'Start', '14:31:00'),
       (9, 'mikeleil', 'Success', '14:53:00'),
       (10, 'mikeleil', 'Start', '17:12:00'),
       (10, 'mikeleil', 'Success', '17:39:00'),
       (11, 'gellerti', 'Start', '21:17:00'),
       (11, 'gellerti', 'Success', '21:29:00'),
       (12, 'astraeus', 'Start', '20:17:00'),
       (12, 'astraeus', 'Success', '20:34:00'),
       (13, 'astraeus', 'Start', '11:02:00'),
       (13, 'astraeus', 'Success', '11:13:00'),
       (14, 'deltajed', 'Start', '18:12:00'),
       (14, 'deltajed', 'Success', '18:32:00'),
       (15, 'mikeleil', 'Start', '15:00:00'),
       (15, 'mikeleil', 'Success', '15:21:00'),
       (16, 'katharyn', 'Start', '07:00:00'),
       (16, 'katharyn', 'Success', '07:11:00'),
       (17, 'gellerti', 'Start', '16:17:00'),
       (17, 'gellerti', 'Success', '16:49:00'),
       (18, 'astraeus', 'Start', '13:15:00'),
       (18, 'astraeus', 'Success', '13:48:00'),
       (19, 'mikeleil', 'Start', '10:15:00'),
       (19, 'mikeleil', 'Success', '10:36:00'),
       (20, 'astraeus', 'Start', '18:00:00'),
       (20, 'astraeus', 'Failure', '18:14:00'),
       (21, 'deltajed', 'Start', '13:02:00'),
       (21, 'deltajed', 'Success', '13:13:00'),
       (22, 'gellerti', 'Start', '12:47:00'),
       (22, 'gellerti', 'Success', '13:16:00'),
       (23, 'katharyn', 'Start', '15:42:00'),
       (23, 'katharyn', 'Success', '16:22:00'),
       (24, 'astraeus', 'Start', '18:21:00'),
       (24, 'astraeus', 'Success', '19:11:00'),
       (25, 'mikeleil', 'Start', '09:17:00'),
       (25, 'mikeleil', 'Success', '10:09:00'),
       (26, 'gellerti', 'Start', '22:08:00'),
       (26, 'gellerti', 'Success', '23:03:00');

------------------------------------------
-- Добавление значений в таблицу Verter --
------------------------------------------
INSERT INTO Verter ("Check", State, Time)
VALUES (1, 'Start', '07:12:00'),
       (1, 'Success', '07:13:00'),
       (2, 'Start', '14:29:00'),
       (2, 'Failure', '14:30:00'),
       (4, 'Start', '12:50:00'),
       (4, 'Success', '12:51:00'),
       (6, 'Start', '09:30:00'),
       (6, 'Success', '09:31:00'),
       (11, 'Start', '21:30:00'),
       (11, 'Failure', '21:31:00'),
       (12, 'Start', '20:35:00'),
       (12, 'Success', '20:36:00'),
       (17, 'Start', '16:50:00'),
       (17, 'Success', '16:51:00'),
       (22, 'Start', '13:17:00'),
       (22, 'Success', '13:18:00');

-------------------------------------------
-- Добавление значений в таблицу Friends --
-------------------------------------------
INSERT INTO Friends (Peer1, Peer2)
VALUES ('deltajed', 'katharyn'),
       ('deltajed', 'katherib'),
       ('deltajed', 'omarvarl'),
       ('deltajed', 'mikeleil'),
       ('deltajed', 'gellerti'),
       ('deltajed', 'uleecame'),
       ('deltajed', 'fernando'),
       ('deltajed', 'astraeus'),
       ('deltajed', 'aphrodit'),
       ('katharyn', 'katherib'),
       ('katharyn', 'omarvarl'),
       ('katharyn', 'mikeleil'),
       ('katharyn', 'gellerti'),
       ('katharyn', 'uleecame'),
       ('katharyn', 'fernando'),
       ('katharyn', 'astraeus'),
       ('katharyn', 'aphrodit'),
       ('katherib', 'omarvarl'),
       ('katherib', 'mikeleil'),
       ('katherib', 'gellerti'),
       ('katherib', 'uleecame'),
       ('katherib', 'fernando'),
       ('katherib', 'astraeus'),
       ('katherib', 'aphrodit'),
       ('omarvarl', 'mikeleil'),
       ('omarvarl', 'gellerti'),
       ('omarvarl', 'uleecame'),
       ('omarvarl', 'fernando'),
       ('omarvarl', 'astraeus'),
       ('omarvarl', 'aphrodit'),
       ('mikeleil', 'gellerti'),
       ('mikeleil', 'uleecame'),
       ('mikeleil', 'fernando'),
       ('mikeleil', 'astraeus'),
       ('mikeleil', 'aphrodit'),
       ('gellerti', 'uleecame'),
       ('gellerti', 'fernando'),
       ('gellerti', 'astraeus'),
       ('gellerti', 'aphrodit'),
       ('uleecame', 'fernando'),
       ('uleecame', 'astraeus'),
       ('uleecame', 'aphrodit'),
       ('fernando', 'astraeus'),
       ('fernando', 'aphrodit'),
       ('astraeus', 'aphrodit');

---------------------------------------------------
-- Добавление значений в таблицу Recommendations --
---------------------------------------------------
INSERT INTO Recommendations (Peer, RecommendedPeer)
VALUES ('deltajed', 'katharyn'),
       ('deltajed', 'katherib'),
       ('deltajed', 'omarvarl'),
       ('deltajed', 'mikeleil'),
       ('deltajed', 'gellerti'),
       ('deltajed', 'uleecame'),
       ('deltajed', 'fernando'),
       ('deltajed', 'astraeus'),
       ('deltajed', 'aphrodit'),
       ('katharyn', 'uleecame'),
       ('katharyn', 'fernando'),
       ('katharyn', 'astraeus'),
       ('katherib', 'omarvarl'),
       ('katherib', 'mikeleil'),
       ('katherib', 'aphrodit'),
       ('omarvarl', 'mikeleil'),
       ('omarvarl', 'aphrodit'),
       ('mikeleil', 'gellerti'),
       ('mikeleil', 'aphrodit'),
       ('gellerti', 'uleecame'),
       ('gellerti', 'aphrodit'),
       ('uleecame', 'fernando'),
       ('fernando', 'astraeus'),
       ('fernando', 'aphrodit'),
       ('astraeus', 'aphrodit');

------------------------------------------------
-- Добавление значений в таблицу TimeTracking --
------------------------------------------------
INSERT INTO TimeTracking (Peer, Date, Time, State)
VALUES ('deltajed', '2023-04-12', '13:11', 1),
       ('deltajed', '2023-04-12', '13:44', 2),
       ('deltajed', '2023-04-12', '15:14', 1),
       ('deltajed', '2023-04-12', '19:10', 2),
       ('mikeleil', '2023-01-01', '10:00', 1),
       ('mikeleil', '2023-01-01', '20:00', 2),
       ('katharyn', '2023-06-30', '22:51', 2),
       ('katharyn', '2023-06-30', '09:14', 1);

-----------------------------------------------------
-- Добавление значений в таблицу TransferredPoints --
-----------------------------------------------------
INSERT INTO TransferredPoints (checkingpeer, checkedpeer, pointsamount)
VALUES ('aphrodit', 'deltajed', 3),
       ('deltajed', 'uleecame', 3),
       ('deltajed', 'gellerti', 1),
       ('deltajed', 'aphrodit', 1),
       ('deltajed', 'mikeleil', 1),
       ('deltajed', 'astraeus', 1),
       ('omarvarl', 'deltajed', 3),
       ('astraeus', 'deltajed', 1),
       ('fernando', 'deltajed', 1),
       ('gellerti', 'deltajed', 1),
       ('mikeleil', 'deltajed', 1),
       ('uleecame', 'deltajed', 1),
       ('deltajed', 'fernando', 3),
       ('katharyn', 'deltajed', 2),
       ('deltajed', 'katherib', 2),
       ('katherib', 'deltajed', 1),
       ('deltajed', 'katharyn', 1),
       ('deltajed', 'omarvarl', 2);

--------------------------------------
-- Добавление значений в таблицу XP --
--------------------------------------
INSERT INTO XP ("Check", xpamount)
VALUES (1, 250),
       (4, 400),
       (5, 300),
       (6, 450),
       (7, 270),
       (8, 285),
       (9, 250),
       (10, 240),
       (12, 300),
       (13, 250),
       (14, 250),
       (15, 300),
       (16, 350),
       (17, 330),
       (18, 340),
       (19, 350),
       (21, 500),
       (22, 200),
       (23, 280),
       (24, 300),
       (25, 500),
       (26, 700);